,GCliPP_everything.bam
142903034,0
142903035,0
142903036,0
142903037,0
142903038,0
142903039,0
142903040,0
142903041,0
142903042,0
142903043,0
142903044,0
142903045,0
142903046,0
142903047,0
142903048,0
142903049,0
142903050,0
142903051,0
142903052,0
142903053,0
142903054,0
142903055,0
142903056,0
142903057,0
142903058,0
142903059,0
142903060,0
142903061,0
142903062,0
142903063,0
142903064,0
142903065,0
142903066,0
142903067,0
142903068,0
142903069,0
142903070,0
142903071,0
142903072,0
142903073,0
142903074,0
142903075,0
142903076,0
142903077,0
142903078,0
142903079,0
142903080,0
142903081,0
142903082,0
142903083,2
142903084,2
142903085,2
142903086,2
142903087,2
142903088,2
142903089,2
142903090,2
142903091,2
142903092,2
142903093,2
142903094,2
142903095,2
142903096,2
142903097,2
142903098,2
142903099,2
142903100,2
142903101,2
142903102,2
142903103,2
142903104,2
142903105,2
142903106,2
142903107,2
142903108,2
142903109,0
142903110,8
142903111,49
142903112,86
142903113,149
142903114,330
142903115,499
142903116,596
142903117,700
142903118,775
142903119,1170
142903120,1302
142903121,2028
142903122,2100
142903123,2676
142903124,2800
142903125,2909
142903126,3002
142903127,3049
142903128,3363
142903129,3414
142903130,3531
142903131,3600
142903132,3700
142903133,4155
142903134,4202
142903135,4437
142903136,4370
142903137,4446
142903138,6049
142903139,6261
142903140,6346
142903141,6540
142903142,6555
142903143,6785
142903144,6828
142903145,6817
142903146,6932
142903147,6970
142903148,6948
142903149,6570
142903150,6609
142903151,7000
142903152,7073
142903153,7076
142903154,7099
142903155,7067
142903156,6646
142903157,6574
142903158,6536
142903159,6531
142903160,6020
142903161,6025
142903162,5700
142903163,5239
142903164,5245
142903165,5241
142903166,5235
142903167,5126
142903168,5201
142903169,5286
142903170,5341
142903171,5241
142903172,5234
142903173,6496
142903174,6827
142903175,7181
142903176,7682
142903177,7840
142903178,8287
142903179,8776
142903180,8912
142903181,8962
142903182,8990
142903183,9090
142903184,9137
142903185,9175
142903186,9179
142903187,9226
142903188,9339
142903189,9378
142903190,9343
142903191,9082
142903192,9055
142903193,9143
142903194,9670
142903195,10212
142903196,10276
142903197,10005
142903198,8854
142903199,8691
142903200,7363
142903201,7079
142903202,7844
142903203,7700
142903204,7517
142903205,7173
142903206,7042
142903207,7043
142903208,7021
142903209,7004
142903210,6648
142903211,6664
142903212,6560
142903213,6554
142903214,6523
142903215,6346
142903216,5855
142903217,5596
142903218,5573
142903219,5533
142903220,4810
142903221,4372
142903222,4326
142903223,3662
142903224,3074
142903225,3059
142903226,3033
142903227,2693
142903228,2660
142903229,2665
142903230,2653
142903231,2657
142903232,2544
142903233,2359
142903234,2384
142903235,2454
142903236,2416
142903237,2387
142903238,2388
142903239,2335
142903240,1178
142903241,1150
142903242,1191
142903243,1247
142903244,1290
142903245,1318
142903246,1332
142903247,1355
142903248,1389
142903249,1469
142903250,1526
142903251,1594
142903252,1607
142903253,1609
142903254,1642
142903255,1566
142903256,1576
142903257,1574
142903258,1600
142903259,1618
142903260,1619
142903261,1677
142903262,1550
142903263,1598
142903264,1610
142903265,1613
142903266,1631
142903267,1632
142903268,1474
142903269,1360
142903270,1380
142903271,1379
142903272,1366
142903273,1111
142903274,1026
142903275,994
142903276,979
142903277,975
142903278,988
142903279,988
142903280,981
142903281,771
142903282,773
142903283,751
142903284,775
142903285,784
142903286,1104
142903287,1240
142903288,1271
142903289,1393
142903290,1404
142903291,1500
142903292,1513
142903293,1673
142903294,1700
142903295,1751
142903296,1799
142903297,1837
142903298,1876
142903299,1897
142903300,1899
142903301,1912
142903302,1916
142903303,1912
142903304,1923
142903305,1867
142903306,1878
142903307,1882
142903308,1889
142903309,1900
142903310,1922
142903311,1896
142903312,1870
142903313,1873
142903314,1849
142903315,1598
142903316,1566
142903317,1613
142903318,1601
142903319,1597
142903320,1553
142903321,1528
142903322,1493
142903323,1498
142903324,1502
142903325,1575
142903326,1654
142903327,1637
142903328,1212
142903329,1281
142903330,1317
142903331,1349
142903332,1311
142903333,1410
142903334,1436
142903335,1433
142903336,1812
142903337,1909
142903338,2017
142903339,2136
142903340,2305
142903341,2502
142903342,2717
142903343,2795
142903344,3139
142903345,3270
142903346,3338
142903347,3593
142903348,3672
142903349,3743
142903350,4250
142903351,4341
142903352,4396
142903353,4542
142903354,4637
142903355,4907
142903356,4999
142903357,5239
142903358,5386
142903359,5396
142903360,5528
142903361,5545
142903362,5802
142903363,5824
142903364,5699
142903365,5944
142903366,5968
142903367,6037
142903368,6351
142903369,6286
142903370,6419
142903371,6531
142903372,6534
142903373,6597
142903374,6231
142903375,6338
142903376,6371
142903377,5814
142903378,5844
142903379,5763
142903380,5780
142903381,5763
142903382,5717
142903383,5696
142903384,4680
142903385,4518
142903386,4498
142903387,3745
142903388,3768
142903389,3750
142903390,3197
142903391,3077
142903392,2583
142903393,2631
142903394,2621
142903395,2476
142903396,2539
142903397,2580
142903398,2563
142903399,2558
142903400,2552
142903401,2560
142903402,2434
142903403,2403
142903404,2480
142903405,2192
142903406,2241
142903407,2349
142903408,2204
142903409,2321
142903410,2454
142903411,2481
142903412,2479
142903413,2450
142903414,2591
142903415,2667
142903416,2818
142903417,2851
142903418,2913
142903419,2915
142903420,2962
142903421,2996
142903422,3623
142903423,3688
142903424,3744
142903425,3808
142903426,3846
142903427,3791
142903428,3825
142903429,3833
142903430,3834
142903431,3855
142903432,3835
142903433,3815
142903434,3798
142903435,3709
142903436,3699
142903437,3727
142903438,3699
142903439,3645
142903440,3599
142903441,2583
142903442,2549
142903443,2517
142903444,1774
142903445,1517
142903446,1493
142903447,1179
142903448,1154
142903449,1007
142903450,999
142903451,804
142903452,719
142903453,716
142903454,587
142903455,575
142903456,569
142903457,350
142903458,347
142903459,324
142903460,311
142903461,189
142903462,189
142903463,183
142903464,186
142903465,188
142903466,187
142903467,187
142903468,176
142903469,185
142903470,188
142903471,193
142903472,215
142903473,227
142903474,233
142903475,233
142903476,234
142903477,207
142903478,214
142903479,408
142903480,417
142903481,422
142903482,444
142903483,457
142903484,440
142903485,461
142903486,482
142903487,485
142903488,485
142903489,488
142903490,497
142903491,500
142903492,499
142903493,470
142903494,467
142903495,461
142903496,470
142903497,472
142903498,393
142903499,442
142903500,441
142903501,495
142903502,518
142903503,528
142903504,543
142903505,559
142903506,559
142903507,563
142903508,560
142903509,565
142903510,560
142903511,549
142903512,533
142903513,499
142903514,426
142903515,412
142903516,367
142903517,353
142903518,353
142903519,350
142903520,437
142903521,455
142903522,489
142903523,562
142903524,656
142903525,690
142903526,756
142903527,836
142903528,821
142903529,856
142903530,876
142903531,908
142903532,915
142903533,923
142903534,925
142903535,941
142903536,945
142903537,997
142903538,1001
142903539,978
142903540,947
142903541,970
142903542,961
142903543,994
142903544,1012
142903545,1068
142903546,1079
142903547,926
142903548,932
142903549,919
142903550,940
142903551,952
142903552,953
142903553,1090
142903554,1170
142903555,1196
142903556,1267
142903557,1347
142903558,1479
142903559,1485
142903560,1513
142903561,1515
142903562,1545
142903563,1564
142903564,1717
142903565,1754
142903566,1768
142903567,1873
142903568,1944
142903569,1898
142903570,1937
142903571,1859
142903572,1963
142903573,1979
142903574,2006
142903575,2006
142903576,2189
142903577,2238
142903578,2252
142903579,2536
142903580,2574
142903581,2773
142903582,3169
142903583,3199
142903584,3616
142903585,3604
142903586,3797
142903587,4079
142903588,4106
142903589,4115
142903590,4108
142903591,4088
142903592,3946
142903593,3894
142903594,3851
142903595,3802
142903596,3748
142903597,3757
142903598,3736
142903599,3096
142903600,3138
142903601,2756
142903602,2685
142903603,2772
142903604,2821
142903605,2883
142903606,2865
142903607,2868
142903608,2142
142903609,2112
142903610,2110
142903611,2105
142903612,1992
142903613,2019
142903614,2021
142903615,1925
142903616,1954
142903617,1921
142903618,1896
142903619,1650
142903620,1624
142903621,1621
142903622,1627
142903623,1548
142903624,1562
142903625,1225
142903626,1218
142903627,1043
142903628,961
142903629,932
142903630,941
142903631,932
142903632,900
142903633,563
142903634,521
142903635,518
142903636,506
142903637,502
142903638,340
142903639,306
142903640,312
142903641,312
142903642,310
142903643,302
142903644,297
142903645,283
142903646,57
142903647,57
142903648,56
142903649,18
142903650,20
142903651,20
142903652,18
142903653,18
142903654,17
142903655,17
142903656,17
142903657,17
142903658,17
142903659,17
142903660,17
142903661,17
142903662,17
142903663,17
142903664,17
142903665,17
142903666,16
142903667,15
142903668,14
142903669,11
142903670,11
142903671,10
142903672,8
142903673,9
142903674,7
142903675,7
142903676,7
142903677,8
142903678,34
142903679,38
142903680,38
142903681,40
142903682,40
142903683,41
142903684,43
142903685,45
142903686,45
142903687,45
142903688,45
142903689,51
142903690,55
142903691,57
142903692,57
142903693,59
142903694,65
142903695,72
142903696,73
142903697,73
142903698,75
142903699,75
142903700,145
142903701,142
142903702,145
142903703,167
142903704,194
142903705,216
142903706,224
142903707,226
142903708,234
142903709,230
142903710,234
142903711,280
142903712,285
142903713,296
142903714,296
142903715,297
142903716,310
142903717,329
142903718,349
142903719,356
142903720,328
142903721,330
142903722,441
142903723,450
142903724,454
142903725,444
142903726,340
142903727,441
142903728,454
142903729,465
142903730,473
142903731,492
142903732,496
142903733,533
142903734,555
142903735,588
142903736,591
142903737,558
142903738,659
142903739,655
142903740,711
142903741,730
142903742,771
142903743,944
142903744,955
142903745,970
142903746,1060
142903747,1076
142903748,1149
142903749,1370
142903750,1465
142903751,1838
142903752,1878
142903753,1927
142903754,1955
142903755,2130
142903756,2911
142903757,3023
142903758,4639
142903759,4833
142903760,5434
142903761,5786
142903762,6761
142903763,6738
142903764,7015
142903765,7134
142903766,7278
142903767,7406
142903768,7445
142903769,7490
142903770,7515
142903771,7518
142903772,7444
142903773,7315
142903774,7474
142903775,7426
142903776,7156
142903777,7463
142903778,7482
142903779,7492
142903780,7483
142903781,7682
142903782,7693
142903783,7152
142903784,6405
142903785,6019
142903786,5938
142903787,4336
142903788,4134
142903789,3607
142903790,3551
142903791,3509
142903792,3389
142903793,3207
142903794,3157
142903795,3099
142903796,2492
142903797,2121
142903798,2073
142903799,1275
142903800,1185
142903801,1132
142903802,1118
142903803,1060
142903804,725
142903805,720
142903806,846
142903807,826
142903808,823
142903809,859
142903810,820
142903811,863
142903812,873
142903813,859
142903814,843
142903815,894
142903816,906
142903817,978
142903818,1000
142903819,993
142903820,1059
142903821,1037
142903822,1038
142903823,1050
142903824,1042
142903825,1037
142903826,1031
142903827,1058
142903828,958
142903829,1207
142903830,1281
142903831,1300
142903832,1306
142903833,1379
142903834,1381
142903835,1365
142903836,1374
142903837,1368
142903838,1340
142903839,1323
142903840,1332
142903841,1324
142903842,1315
142903843,1307
142903844,1310
142903845,1306
142903846,1305
142903847,1093
142903848,1023
142903849,1012
142903850,1009
142903851,855
142903852,757
142903853,758
142903854,703
142903855,699
142903856,677
142903857,577
142903858,577
142903859,577
142903860,545
142903861,545
142903862,547
142903863,395
142903864,391
142903865,327
142903866,305
142903867,281
142903868,306
142903869,318
142903870,320
142903871,325
142903872,338
142903873,333
142903874,333
142903875,332
142903876,334
142903877,327
142903878,329
142903879,331
142903880,337
142903881,342
142903882,359
142903883,368
142903884,415
142903885,405
142903886,394
142903887,648
142903888,676
142903889,723
142903890,759
142903891,771
142903892,799
142903893,831
142903894,844
142903895,846
142903896,849
142903897,837
142903898,837
142903899,840
142903900,840
142903901,846
142903902,834
142903903,837
142903904,846
142903905,806
142903906,809
142903907,783
142903908,726
142903909,701
142903910,636
142903911,623
142903912,621
142903913,625
142903914,615
142903915,615
142903916,527
142903917,396
142903918,381
142903919,402
142903920,370
142903921,343
142903922,366
142903923,360
142903924,361
142903925,229
142903926,225
142903927,212
142903928,211
142903929,208
142903930,208
142903931,202
142903932,198
142903933,199
142903934,177
142903935,169
142903936,168
142903937,167
142903938,123
142903939,115
142903940,115
142903941,13
142903942,11
142903943,11
142903944,9
142903945,11
142903946,9
142903947,6
142903948,6
142903949,6
142903950,6
142903951,6
142903952,6
142903953,6
142903954,6
142903955,6
142903956,3
142903957,4
142903958,4
142903959,4
142903960,4
142903961,4
142903962,3
142903963,3
142903964,3
142903965,3
142903966,3
142903967,3
142903968,3
142903969,3
142903970,3
142903971,3
142903972,3
142903973,3
142903974,3
142903975,0
142903976,0
142903977,0
142903978,0
142903979,0
142903980,0
142903981,0
142903982,0
142903983,0
142903984,0
142903985,0
142903986,0
142903987,0
142903988,0
142903989,0
142903990,0
142903991,0
142903992,0
142903993,0
142903994,0
142903995,0
142903996,0
142903997,0
142903998,0
142903999,0
142904000,0
142904001,0
142904002,0
142904003,0
142904004,0
142904005,0
142904006,0
142904007,0
142904008,0
142904009,0
142904010,0
142904011,0
142904012,0
142904013,0
142904014,2
142904015,2
142904016,2
142904017,2
142904018,2
142904019,2
142904020,2
142904021,2
142904022,2
142904023,2
142904024,2
142904025,2
142904026,2
142904027,2
142904028,2
142904029,2
142904030,2
142904031,2
142904032,2
142904033,2
142904034,2
142904035,2
142904036,2
142904037,2
142904038,2
142904039,2
142904040,2
142904041,2
142904042,2
142904043,2
142904044,2
142904045,4
142904046,4
142904047,4
142904048,4
142904049,4
142904050,4
142904051,4
142904052,4
142904053,4
142904054,4
142904055,2
142904056,2
142904057,2
142904058,2
142904059,2
142904060,2
142904061,2
142904062,2
142904063,2
142904064,2
142904065,0
142904066,60
142904067,63
142904068,65
142904069,84
142904070,93
142904071,91
142904072,121
142904073,128
142904074,129
142904075,154
142904076,157
142904077,160
142904078,214
142904079,216
142904080,221
142904081,234
142904082,254
142904083,257
142904084,262
142904085,263
142904086,265
142904087,266
142904088,267
142904089,298
142904090,299
142904091,302
142904092,296
142904093,295
142904094,290
142904095,310
142904096,316
142904097,314
142904098,313
142904099,290
142904100,313
142904101,310
142904102,291
142904103,290
142904104,290
142904105,305
142904106,303
142904107,300
142904108,276
142904109,271
142904110,280
142904111,270
142904112,268
142904113,269
142904114,263
142904115,270
142904116,269
142904117,222
142904118,231
142904119,218
142904120,215
142904121,216
142904122,221
142904123,221
142904124,226
142904125,224
142904126,224
142904127,226
142904128,221
142904129,220
142904130,200
142904131,204
142904132,204
142904133,203
142904134,187
142904135,224
142904136,225
142904137,239
142904138,256
142904139,263
142904140,260
142904141,255
142904142,255
142904143,259
142904144,259
142904145,254
142904146,274
142904147,279
142904148,391
142904149,400
142904150,410
142904151,438
142904152,448
142904153,477
142904154,489
142904155,477
142904156,481
142904157,482
142904158,603
142904159,609
142904160,635
142904161,672
142904162,810
142904163,841
142904164,844
142904165,890
142904166,928
142904167,1062
142904168,1109
142904169,1140
142904170,1154
142904171,1153
142904172,1191
142904173,1216
142904174,1181
142904175,1179
142904176,1245
142904177,1269
142904178,1268
142904179,1303
142904180,1308
142904181,1381
142904182,1387
142904183,1384
142904184,1384
142904185,1385
142904186,1307
142904187,1330
142904188,1240
142904189,1234
142904190,1235
142904191,1219
142904192,1162
142904193,1152
142904194,1032
142904195,1029
142904196,984
142904197,984
142904198,854
142904199,854
142904200,846
142904201,611
142904202,528
142904203,512
142904204,366
142904205,369
142904206,369
142904207,286
142904208,291
142904209,293
142904210,287
142904211,280
142904212,281
142904213,178
142904214,172
142904215,164
142904216,162
142904217,97
142904218,98
142904219,99
142904220,97
142904221,95
142904222,95
142904223,96
142904224,59
142904225,59
142904226,59
142904227,65
142904228,66
142904229,66
142904230,66
142904231,60
142904232,56
142904233,56
142904234,52
142904235,50
142904236,50
142904237,50
142904238,48
142904239,48
142904240,47
142904241,47
142904242,41
142904243,24
142904244,24
142904245,23
142904246,15
142904247,8
142904248,8
142904249,5
142904250,7
142904251,6
142904252,4
142904253,4
142904254,2
142904255,2
142904256,2
142904257,2
142904258,2
142904259,2
142904260,2
142904261,2
142904262,2
142904263,2
142904264,2
142904265,2
142904266,2
142904267,2
142904268,2
142904269,2
142904270,0
142904271,0
142904272,0
142904273,0
142904274,0
142904275,0
142904276,0
142904277,0
142904278,0
142904279,0
142904280,0
142904281,0
142904282,0
142904283,0
142904284,0
142904285,0
142904286,0
142904287,0
142904288,2
142904289,2
142904290,2
142904291,2
142904292,2
142904293,2
142904294,2
142904295,2
142904296,2
142904297,2
142904298,2
142904299,2
142904300,2
142904301,2
142904302,2
142904303,2
142904304,2
142904305,2
142904306,4
142904307,4
142904308,4
142904309,5
142904310,5
142904311,5
142904312,5
142904313,5
142904314,5
142904315,5
142904316,5
142904317,5
142904318,5
142904319,5
142904320,5
142904321,5
142904322,5
142904323,5
142904324,5
142904325,5
142904326,5
142904327,3
142904328,3
142904329,3
142904330,3
142904331,3
142904332,3
142904333,3
142904334,3
142904335,2
142904336,2
142904337,2
142904338,3
142904339,3
142904340,3
142904341,10
142904342,36
142904343,43
142904344,107
142904345,125
142904346,150
142904347,166
142904348,176
142904349,199
142904350,198
142904351,211
142904352,216
142904353,260
142904354,263
142904355,268
142904356,296
142904357,352
142904358,444
142904359,487
142904360,443
142904361,487
142904362,491
142904363,508
142904364,527
142904365,531
142904366,528
142904367,521
142904368,543
142904369,599
142904370,595
142904371,648
142904372,645
142904373,653
142904374,652
142904375,644
142904376,651
142904377,654
142904378,661
142904379,650
142904380,645
142904381,630
142904382,647
142904383,520
142904384,534
142904385,537
142904386,528
142904387,548
142904388,511
142904389,461
142904390,461
142904391,475
142904392,392
142904393,379
142904394,394
142904395,399
142904396,399
142904397,401
142904398,387
142904399,396
142904400,400
142904401,393
142904402,429
142904403,426
142904404,418
142904405,413
142904406,409
142904407,414
142904408,398
142904409,397
142904410,403
142904411,390
142904412,396
142904413,398
142904414,395
142904415,291
142904416,294
142904417,302
142904418,305
142904419,276
142904420,280
142904421,283
142904422,260
142904423,261
142904424,253
142904425,261
142904426,263
142904427,260
142904428,270
142904429,286
142904430,321
142904431,303
142904432,302
142904433,302
142904434,267
142904435,269
142904436,271
142904437,341
142904438,346
142904439,353
142904440,373
142904441,375
142904442,384
142904443,381
142904444,392
142904445,394
142904446,398
142904447,401
142904448,415
142904449,417
142904450,408
142904451,419
142904452,408
142904453,374
142904454,341
142904455,358
142904456,363
142904457,351
142904458,345
142904459,340
142904460,338
142904461,367
142904462,375
142904463,384
142904464,421
142904465,437
142904466,440
142904467,364
142904468,364
142904469,332
142904470,322
142904471,300
142904472,307
142904473,298
142904474,304
142904475,291
142904476,304
142904477,307
142904478,309
142904479,320
142904480,323
142904481,392
142904482,389
142904483,366
142904484,384
142904485,382
142904486,387
142904487,399
142904488,402
142904489,400
142904490,521
142904491,535
142904492,546
142904493,571
142904494,574
142904495,669
142904496,679
142904497,757
142904498,787
142904499,789
142904500,808
142904501,810
142904502,814
142904503,714
142904504,726
142904505,833
142904506,861
142904507,893
142904508,918
142904509,909
142904510,917
142904511,926
142904512,990
142904513,1002
142904514,981
142904515,981
142904516,955
142904517,980
142904518,960
142904519,959
142904520,927
142904521,918
142904522,908
142904523,908
142904524,905
142904525,896
142904526,752
142904527,740
142904528,679
142904529,657
142904530,586
142904531,583
142904532,530
142904533,671
142904534,678
142904535,839
142904536,832
142904537,771
142904538,799
142904539,771
142904540,830
142904541,852
142904542,849
142904543,860
142904544,861
142904545,852
142904546,884
142904547,903
142904548,919
142904549,895
142904550,900
142904551,986
142904552,1001
142904553,1037
142904554,1023
142904555,987
142904556,1045
142904557,1027
142904558,987
142904559,960
142904560,927
142904561,954
142904562,959
142904563,982
142904564,983
142904565,972
142904566,925
142904567,929
142904568,922
142904569,903
142904570,898
142904571,891
142904572,760
142904573,756
142904574,729
142904575,458
142904576,421
142904577,415
142904578,228
142904579,232
142904580,234
142904581,229
142904582,238
142904583,238
142904584,253
142904585,250
142904586,213
142904587,220
142904588,217
142904589,218
142904590,243
142904591,245
142904592,250
142904593,256
142904594,251
142904595,259
142904596,269
142904597,264
142904598,273
142904599,280
142904600,290
142904601,365
142904602,402
142904603,403
142904604,415
142904605,412
142904606,421
142904607,422
142904608,430
142904609,434
142904610,408
142904611,411
142904612,403
142904613,395
142904614,402
142904615,383
142904616,383
142904617,431
142904618,434
142904619,426
142904620,437
142904621,459
142904622,456
142904623,413
142904624,413
142904625,371
142904626,357
142904627,353
142904628,270
142904629,266
142904630,269
142904631,268
142904632,279
142904633,282
142904634,281
142904635,279
142904636,275
142904637,235
142904638,234
142904639,233
142904640,197
142904641,233
142904642,227
142904643,228
142904644,231
142904645,228
142904646,177
142904647,192
142904648,197
142904649,172
142904650,162
142904651,162
142904652,160
142904653,173
142904654,174
142904655,176
142904656,171
142904657,178
142904658,184
142904659,183
142904660,183
142904661,192
142904662,193
142904663,193
142904664,191
142904665,193
142904666,193
142904667,192
142904668,191
142904669,189
142904670,176
142904671,187
142904672,189
142904673,189
142904674,190
142904675,192
142904676,73
142904677,81
142904678,193
142904679,228
142904680,225
142904681,236
142904682,258
142904683,287
142904684,293
142904685,281
142904686,294
142904687,296
142904688,297
142904689,293
142904690,295
142904691,302
142904692,313
142904693,321
142904694,326
142904695,363
142904696,374
142904697,381
142904698,380
142904699,385
142904700,390
142904701,392
142904702,401
142904703,408
142904704,414
142904705,386
142904706,398
142904707,401
142904708,405
142904709,415
142904710,426
142904711,434
142904712,449
142904713,457
142904714,451
142904715,432
142904716,431
142904717,433
142904718,425
142904719,447
142904720,437
142904721,451
142904722,469
142904723,474
142904724,475
142904725,405
142904726,406
142904727,408
142904728,421
142904729,424
142904730,458
142904731,472
142904732,480
142904733,496
142904734,575
142904735,579
142904736,548
142904737,567
142904738,566
142904739,590
142904740,626
142904741,635
142904742,667
142904743,671
142904744,682
142904745,664
142904746,665
142904747,661
142904748,665
142904749,651
142904750,647
142904751,648
142904752,654
142904753,654
142904754,622
142904755,619
142904756,570
142904757,565
142904758,571
142904759,569
142904760,572
142904761,539
142904762,536
142904763,535
142904764,420
142904765,416
142904766,418
142904767,409
142904768,399
142904769,396
142904770,152
142904771,152
142904772,120
142904773,118
142904774,117
142904775,111
142904776,80
142904777,67
142904778,65
142904779,29
142904780,29
142904781,29
142904782,12
142904783,12
142904784,11
142904785,11
142904786,11
142904787,11
142904788,3
142904789,3
142904790,3
142904791,3
142904792,3
142904793,3
142904794,2
142904795,2
142904796,2
142904797,2
142904798,2
142904799,2
142904800,2
142904801,2
142904802,2
142904803,2
142904804,2
142904805,2
142904806,3
142904807,3
142904808,1
142904809,2
142904810,2
142904811,2
142904812,2
142904813,2
142904814,2
142904815,2
142904816,2
142904817,2
142904818,2
142904819,2
142904820,2
142904821,2
142904822,2
142904823,2
142904824,2
142904825,2
142904826,2
142904827,2
142904828,2
142904829,2
142904830,2
142904831,2
142904832,2
142904833,2
142904834,2
142904835,2
142904836,2
142904837,2
142904838,2
142904839,2
142904840,5
142904841,5
142904842,5
142904843,5
142904844,5
142904845,5
142904846,5
142904847,5
142904848,5
142904849,5
142904850,4
142904851,4
142904852,4
142904853,4
142904854,4
142904855,6
142904856,6
142904857,6
142904858,6
142904859,6
142904860,14
142904861,12
142904862,14
142904863,41
142904864,41
142904865,41
142904866,41
142904867,41
142904868,41
142904869,68
142904870,70
142904871,70
142904872,120
142904873,134
142904874,145
142904875,139
142904876,142
142904877,139
142904878,162
142904879,161
142904880,164
142904881,163
142904882,165
142904883,165
142904884,165
142904885,167
142904886,168
142904887,170
142904888,167
142904889,169
142904890,168
142904891,168
142904892,169
142904893,166
142904894,168
142904895,162
142904896,169
142904897,168
142904898,166
142904899,164
142904900,74
142904901,73
142904902,71
142904903,70
142904904,39
142904905,39
142904906,39
142904907,14
142904908,14
142904909,10
142904910,12
142904911,12
142904912,12
142904913,12
142904914,12
142904915,4
142904916,4
142904917,5
142904918,5
142904919,7
142904920,7
142904921,6
142904922,13
142904923,11
142904924,12
142904925,12
142904926,12
142904927,12
142904928,12
142904929,12
142904930,12
142904931,12
142904932,12
142904933,14
142904934,14
142904935,14
142904936,14
142904937,14
142904938,14
142904939,14
142904940,14
142904941,14
142904942,14
142904943,12
142904944,12
142904945,12
142904946,12
142904947,12
142904948,12
142904949,12
142904950,12
142904951,12
142904952,10
142904953,10
142904954,8
142904955,8
142904956,8
142904957,8
142904958,6
142904959,6
142904960,6
142904961,8
142904962,8
142904963,6
142904964,6
142904965,4
142904966,4
142904967,4
142904968,4
142904969,4
142904970,4
142904971,4
142904972,3
142904973,4
142904974,4
142904975,4
142904976,6
142904977,6
142904978,6
142904979,6
142904980,6
142904981,6
142904982,6
142904983,6
142904984,6
142904985,6
142904986,6
142904987,6
142904988,6
142904989,6
142904990,8
142904991,8
142904992,8
142904993,9
142904994,11
142904995,11
142904996,12
142904997,13
142904998,13
142904999,12
142905000,13
142905001,13
142905002,13
142905003,13
142905004,17
142905005,16
142905006,16
142905007,18
142905008,18
142905009,18
142905010,18
142905011,18
142905012,18
142905013,18
142905014,18
142905015,16
142905016,16
142905017,16
142905018,16
142905019,16
142905020,16
142905021,16
142905022,7
142905023,7
142905024,7
142905025,7
142905026,6
142905027,7
142905028,7
142905029,7
142905030,5
142905031,5
142905032,3
142905033,3
142905034,3
142905035,2
142905036,1
142905037,1
142905038,1
142905039,1
142905040,1
142905041,1
142905042,1
142905043,1
142905044,1
142905045,1
142905046,1
142905047,1
142905048,2
142905049,2
142905050,2
142905051,2
142905052,2
142905053,1
142905054,1
142905055,1
142905056,2
142905057,2
142905058,2
142905059,4
142905060,4
142905061,4
142905062,3
142905063,4
142905064,4
142905065,3
142905066,3
142905067,3
142905068,3
142905069,3
142905070,3
142905071,3
142905072,3
142905073,3
142905074,3
142905075,3
142905076,3
142905077,3
142905078,3
142905079,3
142905080,3
142905081,3
142905082,3
142905083,3
142905084,3
142905085,3
142905086,0
142905087,0
142905088,0
142905089,0
142905090,0
142905091,0
142905092,1
142905093,1
142905094,1
142905095,1
142905096,1
142905097,1
142905098,1
142905099,1
142905100,1
142905101,1
142905102,1
142905103,1
142905104,1
142905105,1
142905106,2
142905107,2
142905108,2
142905109,2
142905110,2
142905111,2
142905112,2
142905113,2
142905114,2
142905115,2
142905116,2
142905117,2
142905118,2
142905119,1
142905120,1
142905121,1
142905122,1
142905123,1
142905124,1
142905125,1
142905126,1
142905127,1
142905128,1
142905129,1
142905130,1
142905131,1
142905132,1
142905133,1
142905134,3
142905135,3
142905136,5
142905137,5
142905138,5
142905139,5
142905140,5
142905141,5
142905142,5
142905143,5
142905144,5
142905145,5
142905146,7
142905147,7
142905148,7
142905149,7
142905150,6
142905151,6
142905152,6
142905153,6
142905154,6
142905155,10
142905156,10
142905157,10
142905158,10
142905159,10
142905160,10
142905161,8
142905162,8
142905163,8
142905164,8
142905165,10
142905166,10
142905167,10
142905168,10
142905169,10
142905170,10
142905171,10
142905172,10
142905173,10
142905174,10
142905175,4
142905176,6
142905177,6
142905178,6
142905179,10
142905180,14
142905181,14
142905182,14
142905183,14
142905184,14
142905185,18
142905186,17
142905187,18
142905188,16
142905189,15
142905190,18
142905191,18
142905192,18
142905193,18
142905194,16
142905195,16
142905196,18
142905197,18
142905198,18
142905199,18
142905200,18
142905201,18
142905202,16
142905203,16
142905204,16
142905205,16
142905206,16
142905207,16
142905208,14
142905209,16
142905210,16
142905211,16
142905212,16
142905213,16
142905214,16
142905215,16
142905216,16
142905217,16
142905218,16
142905219,15
142905220,16
142905221,16
142905222,7
142905223,4
142905224,2
142905225,2
142905226,2
142905227,2
142905228,2
142905229,2
142905230,2
142905231,2
142905232,2
142905233,2
142905234,2
142905235,2
142905236,13
142905237,14
142905238,19
142905239,25
142905240,25
142905241,25
142905242,31
142905243,43
142905244,45
142905245,51
142905246,51
142905247,62
142905248,64
142905249,66
142905250,75
142905251,80
142905252,87
142905253,110
142905254,112
142905255,120
142905256,122
142905257,135
142905258,147
142905259,147
142905260,149
142905261,152
142905262,152
142905263,151
142905264,157
142905265,171
142905266,174
142905267,171
142905268,181
142905269,187
142905270,174
142905271,181
142905272,177
142905273,181
142905274,183
142905275,182
142905276,181
142905277,149
142905278,117
142905279,122
142905280,128
142905281,164
142905282,221
142905283,231
142905284,241
142905285,240
142905286,242
142905287,239
142905288,239
142905289,245
142905290,255
142905291,257
142905292,257
142905293,257
142905294,259
142905295,268
142905296,266
142905297,268
142905298,291
142905299,284
142905300,290
142905301,284
142905302,285
142905303,284
142905304,282
142905305,284
142905306,253
142905307,260
142905308,256
142905309,258
142905310,262
142905311,260
142905312,260
142905313,265
142905314,271
142905315,270
142905316,293
142905317,323
142905318,354
142905319,356
142905320,360
142905321,362
142905322,336
142905323,345
142905324,355
142905325,348
142905326,418
142905327,427
142905328,437
142905329,455
142905330,464
142905331,487
142905332,491
142905333,500
142905334,503
142905335,515
142905336,517
142905337,555
142905338,568
142905339,575
142905340,579
142905341,547
142905342,558
142905343,558
142905344,559
142905345,575
142905346,584
142905347,580
142905348,591
142905349,590
142905350,587
142905351,616
142905352,614
142905353,626
142905354,632
142905355,608
142905356,586
142905357,570
142905358,579
142905359,563
142905360,565
142905361,551
142905362,516
142905363,507
142905364,520
142905365,527
142905366,530
142905367,524
142905368,436
142905369,434
142905370,430
142905371,398
142905372,393
142905373,285
142905374,277
142905375,278
142905376,284
142905377,287
142905378,220
142905379,230
142905380,230
142905381,234
142905382,222
142905383,223
142905384,202
142905385,133
142905386,139
142905387,137
142905388,140
142905389,161
142905390,180
142905391,180
142905392,182
142905393,182
142905394,185
142905395,191
142905396,201
142905397,200
142905398,227
142905399,227
142905400,229
142905401,230
142905402,233
142905403,233
142905404,245
142905405,245
142905406,248
142905407,253
142905408,251
142905409,253
142905410,258
142905411,208
142905412,204
142905413,205
142905414,189
142905415,200
142905416,180
142905417,183
142905418,188
142905419,181
142905420,174
142905421,172
142905422,177
142905423,178
142905424,178
142905425,180
142905426,181
142905427,170
142905428,173
142905429,177
142905430,177
142905431,177
142905432,176
142905433,171
142905434,163
142905435,172
142905436,167
142905437,168
142905438,175
142905439,201
142905440,202
142905441,203
142905442,158
142905443,154
142905444,166
142905445,159
142905446,210
142905447,230
142905448,225
142905449,272
142905450,285
142905451,300
142905452,338
142905453,357
142905454,379
142905455,381
142905456,382
142905457,366
142905458,362
142905459,355
142905460,351
142905461,352
142905462,335
142905463,342
142905464,342
142905465,343
142905466,342
142905467,336
142905468,331
142905469,316
142905470,288
142905471,270
142905472,128
142905473,117
142905474,112
142905475,108
142905476,108
142905477,106
142905478,87
142905479,82
142905480,76
142905481,64
142905482,24
142905483,16
142905484,13
142905485,11
142905486,13
142905487,13
142905488,10
142905489,12
142905490,14
142905491,18
142905492,19
142905493,19
142905494,21
142905495,20
142905496,35
142905497,35
142905498,36
142905499,41
142905500,51
142905501,71
142905502,75
142905503,78
142905504,79
142905505,81
142905506,81
142905507,80
142905508,81
142905509,79
142905510,79
142905511,81
142905512,79
142905513,79
142905514,69
142905515,73
142905516,73
142905517,74
142905518,74
142905519,74
142905520,70
142905521,66
142905522,68
142905523,61
142905524,53
142905525,51
142905526,47
142905527,45
142905528,45
142905529,45
142905530,40
142905531,40
142905532,31
142905533,31
142905534,32
142905535,32
142905536,15
142905537,13
142905538,15
142905539,15
142905540,15
142905541,13
142905542,13
142905543,10
142905544,10
142905545,10
142905546,10
142905547,10
142905548,10
142905549,10
142905550,9
142905551,6
142905552,6
142905553,7
142905554,7
142905555,7
142905556,3
142905557,3
142905558,12
142905559,12
142905560,11
142905561,15
142905562,31
142905563,60
142905564,95
142905565,102
142905566,111
142905567,113
142905568,115
142905569,119
142905570,143
142905571,147
142905572,142
142905573,151
142905574,162
142905575,153
142905576,171
142905577,180
142905578,185
142905579,177
142905580,200
142905581,234
142905582,235
142905583,266
142905584,288
142905585,280
142905586,307
142905587,304
142905588,326
142905589,335
142905590,334
142905591,362
142905592,365
142905593,371
142905594,367
142905595,389
142905596,401
142905597,529
142905598,532
142905599,518
142905600,534
142905601,554
142905602,556
142905603,646
142905604,684
142905605,708
142905606,788
142905607,795
142905608,799
142905609,792
142905610,758
142905611,765
142905612,739
142905613,751
142905614,756
142905615,714
142905616,735
142905617,735
142905618,706
142905619,691
142905620,666
142905621,660
142905622,598
142905623,548
142905624,509
142905625,492
142905626,501
142905627,443
142905628,452
142905629,408
142905630,404
142905631,368
142905632,360
142905633,351
142905634,350
142905635,316
142905636,215
142905637,220
142905638,206
142905639,185
142905640,195
142905641,226
142905642,251
142905643,335
142905644,370
142905645,381
142905646,396
142905647,410
142905648,408
142905649,427
142905650,479
142905651,478
142905652,513
142905653,545
142905654,563
142905655,560
142905656,587
142905657,579
142905658,568
142905659,590
142905660,596
142905661,596
142905662,584
142905663,600
142905664,620
142905665,612
142905666,623
142905667,597
142905668,607
142905669,599
142905670,578
142905671,573
142905672,556
142905673,561
142905674,512
142905675,504
142905676,412
142905677,403
142905678,401
142905679,355
142905680,330
142905681,327
142905682,70
142905683,57
142905684,57
142905685,59
142905686,60
142905687,60
142905688,26
142905689,22
142905690,20
142905691,20
142905692,35
142905693,37
142905694,33
142905695,32
142905696,30
142905697,31
142905698,27
142905699,26
142905700,25
142905701,25
142905702,25
142905703,24
142905704,25
142905705,25
142905706,25
142905707,23
142905708,25
142905709,25
142905710,25
142905711,25
142905712,27
142905713,27
142905714,28
142905715,7
142905716,7
142905717,7
142905718,7
142905719,7
142905720,5
142905721,5
142905722,5
142905723,5
142905724,5
142905725,3
142905726,2
142905727,3
142905728,3
142905729,3
142905730,3
142905731,3
142905732,3
142905733,3
142905734,3
142905735,3
142905736,3
142905737,3
142905738,3
142905739,3
142905740,3
142905741,3
142905742,3
142905743,3
142905744,3
142905745,3
142905746,2
142905747,2
142905748,2
142905749,2
142905750,1
142905751,2
142905752,2
142905753,2
142905754,2
142905755,2
142905756,2
142905757,2
142905758,2
142905759,2
142905760,2
142905761,2
142905762,2
142905763,0
142905764,4
142905765,5
142905766,6
142905767,7
142905768,7
142905769,6
142905770,7
142905771,6
142905772,6
142905773,7
142905774,6
142905775,6
142905776,9
142905777,7
142905778,9
142905779,9
142905780,9
142905781,9
142905782,9
142905783,8
142905784,9
142905785,8
142905786,7
142905787,9
142905788,7
142905789,7
142905790,5
142905791,7
142905792,6
142905793,7
142905794,7
142905795,6
142905796,6
142905797,6
142905798,7
142905799,6
142905800,7
142905801,7
142905802,7
142905803,7
142905804,7
142905805,7
142905806,7
142905807,7
142905808,7
142905809,7
142905810,4
142905811,4
142905812,4
142905813,4
142905814,4
142905815,4
142905816,4
142905817,0
142905818,0
142905819,0
142905820,2
142905821,2
142905822,2
142905823,2
142905824,2
142905825,1
142905826,2
142905827,2
142905828,2
142905829,2
142905830,2
142905831,2
142905832,2
142905833,1
142905834,2
142905835,2
142905836,5
142905837,5
142905838,5
142905839,5
142905840,5
142905841,5
142905842,5
142905843,5
142905844,5
142905845,5
142905846,5
142905847,4
142905848,5
142905849,5
142905850,3
142905851,3
142905852,3
142905853,3
142905854,3
142905855,3
142905856,3
142905857,3
142905858,3
142905859,3
142905860,3
142905861,3
142905862,4
142905863,4
142905864,4
142905865,3
142905866,4
142905867,4
142905868,4
142905869,4
142905870,6
142905871,6
142905872,6
142905873,6
142905874,6
142905875,6
142905876,6
142905877,6
142905878,6
142905879,6
142905880,3
142905881,3
142905882,3
142905883,7
142905884,7
142905885,7
142905886,6
142905887,6
142905888,4
142905889,4
142905890,4
142905891,4
142905892,4
142905893,4
142905894,12
142905895,12
142905896,12
142905897,12
142905898,12
142905899,11
142905900,11
142905901,12
142905902,11
142905903,11
142905904,14
142905905,28
142905906,27
142905907,27
142905908,27
142905909,28
142905910,27
142905911,30
142905912,28
142905913,28
142905914,31
142905915,31
142905916,28
142905917,25
142905918,17
142905919,16
142905920,15
142905921,17
142905922,19
142905923,19
142905924,19
142905925,19
142905926,18
142905927,14
142905928,14
142905929,12
142905930,19
142905931,20
142905932,20
142905933,20
142905934,21
142905935,21
142905936,1
142905937,1
142905938,1
142905939,1
142905940,1
142905941,3
142905942,3
142905943,3
142905944,2
142905945,4
142905946,3
142905947,3
142905948,3
142905949,3
142905950,17
142905951,17
142905952,18
142905953,18
142905954,18
142905955,18
142905956,18
142905957,18
142905958,16
142905959,18
142905960,18
142905961,27
142905962,26
142905963,27
142905964,27
142905965,28
142905966,27
142905967,28
142905968,28
142905969,28
142905970,28
142905971,28
142905972,27
142905973,28
142905974,28
142905975,28
142905976,27
142905977,30
142905978,29
142905979,30
142905980,30
142905981,30
142905982,31
142905983,31
142905984,16
142905985,16
142905986,14
142905987,14
142905988,14
142905989,13
142905990,13
142905991,11
142905992,12
142905993,12
142905994,13
142905995,13
142905996,13
142905997,13
142905998,13
142905999,2
142906000,2
142906001,2
142906002,7
142906003,7
142906004,8
142906005,7
142906006,7
142906007,8
142906008,8
142906009,8
142906010,49
142906011,53
142906012,53
142906013,53
142906014,53
142906015,53
142906016,55
142906017,55
142906018,57
142906019,58
142906020,55
142906021,51
142906022,55
142906023,54
142906024,52
142906025,56
142906026,55
142906027,58
142906028,58
142906029,58
142906030,57
142906031,57
142906032,12
142906033,12
142906034,12
142906035,13
142906036,13
142906037,7
142906038,7
142906039,7
142906040,7
142906041,7
142906042,6
142906043,5
142906044,2
142906045,3
142906046,2
142906047,3
142906048,2
142906049,2
142906050,3
142906051,3
142906052,1
142906053,3
142906054,3
142906055,3
142906056,4
142906057,4
142906058,4
142906059,1
142906060,1
142906061,1
142906062,1
142906063,1
142906064,11
142906065,11
142906066,10
142906067,11
142906068,9
142906069,10
142906070,10
142906071,11
142906072,10
142906073,11
142906074,11
142906075,11
142906076,11
142906077,11
142906078,11
142906079,11
142906080,11
142906081,8
142906082,8
142906083,8
142906084,8
142906085,8
142906086,8
142906087,8
142906088,7
142906089,6
142906090,8
142906091,8
142906092,8
142906093,8
142906094,8
142906095,14
142906096,17
142906097,17
142906098,16
142906099,16
142906100,9
142906101,9
142906102,9
142906103,9
142906104,9
142906105,9
142906106,9
142906107,9
142906108,9
142906109,9
142906110,9
142906111,9
142906112,9
142906113,9
142906114,9
142906115,9
142906116,9
142906117,9
142906118,9
142906119,9
142906120,9
142906121,9
142906122,9
142906123,9
142906124,9
142906125,9
142906126,9
142906127,9
142906128,5
142906129,5
142906130,5
142906131,5
142906132,5
142906133,5
142906134,5
142906135,5
142906136,5
142906137,4
142906138,4
142906139,4
142906140,5
142906141,5
142906142,3
142906143,2
142906144,3
142906145,2
142906146,3
142906147,4
142906148,5
142906149,6
142906150,7
142906151,6
142906152,7
142906153,7
142906154,7
142906155,7
142906156,7
142906157,7
142906158,4
142906159,4
142906160,7
142906161,7
142906162,7
142906163,7
142906164,7
142906165,7
142906166,7
142906167,7
142906168,7
142906169,7
142906170,8
142906171,8
142906172,8
142906173,8
142906174,8
142906175,8
142906176,8
142906177,8
142906178,8
142906179,8
142906180,8
142906181,8
142906182,8
142906183,8
142906184,8
142906185,8
142906186,8
142906187,10
142906188,10
142906189,10
142906190,10
142906191,10
142906192,8
142906193,8
142906194,8
142906195,6
142906196,6
142906197,5
142906198,5
142906199,5
142906200,5
142906201,2
142906202,2
142906203,2
142906204,2
142906205,2
142906206,2
142906207,2
142906208,2
142906209,2
142906210,2
142906211,0
142906212,0
142906213,0
142906214,0
142906215,0
142906216,0
142906217,0
142906218,1
142906219,1
142906220,1
142906221,1
142906222,1
142906223,1
142906224,1
142906225,1
142906226,1
142906227,1
142906228,1
142906229,1
142906230,1
142906231,1
142906232,1
142906233,1
142906234,1
142906235,0
142906236,0
142906237,0
142906238,0
142906239,0
142906240,0
142906241,0
142906242,0
142906243,0
142906244,0
142906245,0
142906246,0
142906247,0
142906248,0
142906249,0
142906250,0
142906251,0
142906252,0
142906253,0
142906254,0
142906255,0
142906256,0
142906257,0
142906258,0
142906259,0
142906260,0
142906261,0
142906262,0
142906263,0
142906264,0
142906265,0
142906266,0
142906267,0
142906268,0
142906269,0
142906270,0
142906271,0
142906272,0
142906273,0
142906274,0
142906275,0
142906276,0
142906277,0
142906278,0
142906279,0
142906280,0
142906281,0
142906282,0
142906283,0
142906284,0
142906285,0
142906286,0
142906287,0
142906288,0
142906289,0
142906290,0
142906291,0
142906292,0
142906293,0
142906294,0
142906295,0
142906296,2
142906297,2
142906298,2
142906299,2
142906300,2
142906301,2
142906302,2
142906303,2
142906304,2
142906305,2
142906306,2
142906307,2
142906308,2
142906309,4
142906310,4
142906311,3
142906312,4
142906313,4
142906314,4
142906315,6
142906316,6
142906317,6
142906318,6
142906319,6
142906320,6
142906321,6
142906322,6
142906323,6
142906324,6
142906325,6
142906326,6
142906327,4
142906328,4
142906329,6
142906330,6
142906331,6
142906332,6
142906333,6
142906334,6
142906335,6
142906336,4
142906337,4
142906338,4
142906339,4
142906340,4
142906341,2
142906342,2
142906343,2
142906344,4
142906345,4
142906346,4
142906347,4
142906348,4
142906349,4
142906350,4
142906351,4
142906352,4
142906353,4
142906354,4
142906355,4
142906356,4
142906357,4
142906358,4
142906359,4
142906360,9
142906361,14
142906362,14
142906363,14
142906364,14
142906365,15
142906366,15
142906367,13
142906368,14
142906369,15
142906370,16
142906371,17
142906372,19
142906373,18
142906374,18
142906375,18
142906376,19
142906377,16
142906378,17
142906379,15
142906380,12
142906381,12
142906382,12
142906383,12
142906384,12
142906385,11
142906386,11
142906387,11
142906388,4
142906389,4
142906390,4
142906391,4
142906392,4
142906393,4
142906394,4
142906395,4
142906396,4
142906397,4
142906398,4
142906399,4
142906400,4
142906401,4
142906402,4
142906403,4
142906404,4
142906405,4
142906406,4
142906407,4
142906408,6
142906409,4
142906410,4
142906411,4
142906412,4
142906413,6
142906414,6
142906415,8
142906416,8
142906417,10
142906418,10
142906419,10
142906420,10
142906421,10
142906422,10
142906423,10
142906424,10
142906425,10
142906426,10
142906427,9
142906428,10
142906429,10
142906430,10
142906431,8
142906432,9
142906433,3
142906434,12
142906435,12
142906436,11
142906437,12
142906438,10
142906439,11
142906440,10
142906441,11
142906442,10
142906443,11
142906444,13
142906445,13
142906446,13
142906447,13
142906448,12
142906449,13
142906450,13
142906451,13
142906452,13
142906453,13
142906454,13
142906455,13
142906456,13
142906457,13
142906458,13
142906459,11
142906460,11
142906461,11
142906462,4
142906463,5
142906464,4
142906465,5
142906466,5
142906467,5
142906468,5
142906469,5
142906470,5
142906471,5
142906472,5
142906473,5
142906474,5
142906475,5
142906476,18
142906477,18
142906478,16
142906479,16
142906480,16
142906481,15
142906482,15
142906483,15
142906484,15
142906485,15
142906486,15
142906487,15
142906488,15
142906489,15
142906490,15
142906491,15
142906492,14
142906493,15
142906494,16
142906495,18
142906496,17
142906497,17
142906498,18
142906499,18
142906500,18
142906501,17
142906502,18
142906503,18
142906504,18
142906505,18
142906506,5
142906507,5
142906508,5
142906509,5
142906510,5
142906511,5
142906512,7
142906513,9
142906514,9
142906515,9
142906516,9
142906517,9
142906518,9
142906519,9
142906520,9
142906521,9
142906522,10
142906523,10
142906524,11
142906525,11
142906526,11
142906527,11
142906528,11
142906529,7
142906530,13
142906531,12
142906532,12
142906533,13
142906534,12
142906535,12
142906536,13
142906537,11
142906538,13
142906539,13
142906540,13
142906541,12
142906542,12
142906543,12
142906544,13
142906545,12
142906546,13
142906547,11
142906548,11
142906549,12
142906550,13
142906551,14
142906552,14
142906553,14
142906554,11
142906555,12
142906556,10
142906557,8
142906558,8
142906559,8
142906560,6
142906561,5
142906562,5
142906563,5
142906564,5
142906565,5
142906566,5
142906567,5
142906568,1
142906569,1
142906570,1
142906571,0
142906572,0
142906573,0
142906574,0
142906575,0
142906576,0
142906577,0
142906578,0
142906579,0
142906580,0
142906581,0
142906582,0
142906583,0
142906584,0
142906585,0
142906586,0
142906587,0
142906588,0
142906589,0
142906590,2
142906591,2
142906592,2
142906593,4
142906594,4
142906595,4
142906596,4
142906597,4
142906598,4
142906599,4
142906600,4
142906601,4
142906602,6
142906603,6
142906604,6
142906605,6
142906606,6
142906607,6
142906608,5
142906609,6
142906610,5
142906611,4
142906612,4
142906613,6
142906614,5
142906615,6
142906616,6
142906617,6
142906618,8
142906619,8
142906620,8
142906621,8
142906622,7
142906623,7
142906624,8
142906625,7
142906626,8
142906627,17
142906628,19
142906629,18
142906630,23
142906631,24
142906632,25
142906633,24
142906634,25
142906635,24
142906636,24
142906637,25
142906638,24
142906639,25
142906640,29
142906641,40
142906642,97
142906643,104
142906644,117
142906645,145
142906646,151
142906647,230
142906648,276
142906649,299
142906650,295
142906651,489
142906652,497
142906653,555
142906654,593
142906655,558
142906656,584
142906657,610
142906658,638
142906659,660
142906660,686
142906661,702
142906662,710
142906663,727
142906664,735
142906665,718
142906666,739
142906667,754
142906668,727
142906669,723
142906670,781
142906671,775
142906672,778
142906673,781
142906674,782
142906675,627
142906676,626
142906677,630
142906678,636
142906679,633
142906680,635
142906681,635
142906682,613
142906683,446
142906684,430
142906685,329
142906686,246
142906687,242
142906688,255
142906689,270
142906690,270
142906691,273
142906692,274
142906693,281
142906694,368
142906695,374
142906696,381
142906697,419
142906698,491
142906699,507
142906700,496
142906701,508
142906702,526
142906703,480
142906704,488
142906705,495
142906706,499
142906707,494
142906708,465
142906709,467
142906710,464
142906711,461
142906712,458
142906713,421
142906714,433
142906715,434
142906716,382
142906717,383
142906718,337
142906719,275
142906720,252
142906721,9
142906722,8
142906723,5
142906724,3
142906725,3
142906726,3
142906727,3
142906728,3
142906729,0
142906730,6
142906731,5
142906732,6
142906733,6
142906734,5
142906735,7
142906736,8
142906737,7
142906738,8
142906739,7
142906740,7
142906741,6
142906742,7
142906743,8
142906744,8
142906745,8
142906746,8
142906747,8
142906748,8
142906749,8
142906750,8
142906751,8
142906752,8
142906753,6
142906754,6
142906755,6
142906756,6
142906757,6
142906758,6
142906759,6
142906760,6
142906761,6
142906762,0
142906763,0
142906764,0
142906765,0
142906766,0
142906767,0
142906768,0
142906769,0
142906770,0
142906771,0
142906772,0
142906773,0
142906774,0
142906775,0
142906776,0
142906777,0
142906778,0
142906779,0
142906780,0
142906781,0
142906782,0
142906783,0
142906784,0
142906785,0
142906786,0
142906787,0
142906788,0
142906789,0
142906790,0
142906791,0
142906792,1
142906793,1
142906794,1
142906795,1
142906796,1
142906797,1
142906798,1
142906799,1
142906800,1
142906801,2
142906802,2
142906803,2
142906804,2
142906805,2
142906806,2
142906807,2
142906808,1
142906809,1
142906810,1
142906811,1
142906812,1
142906813,1
142906814,1
142906815,1
142906816,1
142906817,1
142906818,0
142906819,0
142906820,0
142906821,0
142906822,0
142906823,0
142906824,0
142906825,0
142906826,0
142906827,0
142906828,0
142906829,0
142906830,0
142906831,1
142906832,1
142906833,1
142906834,1
142906835,1
142906836,1
142906837,0
142906838,1
142906839,0
142906840,1
142906841,1
142906842,1
142906843,0
142906844,1
142906845,1
142906846,1
142906847,1
142906848,0
142906849,0
142906850,0
142906851,0
142906852,0
142906853,0
142906854,0
142906855,0
142906856,0
142906857,0
142906858,0
142906859,0
142906860,0
142906861,0
142906862,0
142906863,0
142906864,0
142906865,0
142906866,0
